# Settings for the no-regret checks: the reader exists, the gate class has
# not moved. clause<TAB>key<TAB>value<TAB># reason
#
# Most of these clauses stay `pending` in docs/index.md. A reader is built
# ahead of the owner choosing the real number and reviewing the gate-class
# change separately; until then every finding these checks emit reports as
# advisory, never as a failure, so no consuming repo can go red from a
# number nobody has chosen yet.
#
# A `#provisional` reason is a signal check-clause-index.sh reads: it is what
# lets a pending clause be named by a real script here without that reading as
# the usual "implemented but the row was never updated" rot. CMT-3 and DB-1
# are the rows without it: their gate class moved to `auto`, so their setting
# is no longer a placeholder ahead of a decision — it is the decision,
# reviewed with the gate-class change itself, the same review the
# `#provisional` marker exists to avoid needing for everything else here.
CMT-2	scan_extensions	ts,tsx,js,mjs,cjs,py,sh	#provisional, a reader only until the owner moves the gate class
CMT-3	warn_min_lines	5	# signed-off value, reviewed with the CMT-3 gate-class change
CMT-3	fail_min_lines	11	# signed-off value, reviewed with the CMT-3 gate-class change
CMT-4	scan_extensions	ts,tsx,js,mjs,cjs,py,sh	#provisional, a reader only until the owner moves the gate class
COV-1	min_line_coverage_pct	90	#provisional, the owner sets the real value later
DB-1	orm_migration_dirs	drizzle	# migration folder names DB-1, DB-5 and DB-6 all treat as the ORM's own
DB-3	eslint_rule	no-restricted-imports,no-restricted-syntax	#provisional, a reader only until the owner moves the gate class
DB-4	config_file_names	drizzle.config.ts,drizzle.config.js,drizzle.config.mjs,drizzle.config.cjs	#provisional, a reader only until the owner moves the gate class
DB-5	orm_migration_dirs	drizzle	#provisional, a reader only until the owner moves the gate class
DB-6	orm_migration_dirs	drizzle	#provisional, a reader only until the owner moves the gate class
ARCH-4	eslint_rule	max-classes-per-file	#provisional, a reader only until the owner moves the gate class
ARCH-7	eslint_rule	sonarjs/cognitive-complexity	#provisional, a reader only until the owner moves the gate class
ERR-1	eslint_rule	no-throw-literal	#provisional, a reader only until the owner moves the gate class
ERR-2	eslint_rule	jsdoc/require-throws	#provisional, a reader only until the owner moves the gate class
ERR-3	eslint_rule	no-empty,@typescript-eslint/no-floating-promises	#provisional, a reader only until the owner moves the gate class
NAM-1	eslint_rule	unicorn/name-replacements	#provisional, a reader only until the owner moves the gate class
NAM-2	eslint_rule	@typescript-eslint/naming-convention	#provisional, a reader only until the owner moves the gate class
TYP-1	eslint_rule	@typescript-eslint/no-explicit-any	#provisional, a reader only until the owner moves the gate class
TYP-2	eslint_rule	@typescript-eslint/explicit-function-return-type,explicit-module-boundary-types	#provisional, a reader only until the owner moves the gate class
